Unnamed: 0,toipfx,pl_pnum,tfopwg_disp,ra,dec,st_pmra,st_pmraerr1,st_pmraerr2,st_pmralim,st_pmrasymerr,st_pmdec,st_pmdecerr1,st_pmdecerr2,st_pmdeclim,st_pmdecsymerr,pl_tranmid,pl_tranmiderr1,pl_tranmiderr2,pl_tranmidlim,pl_tranmidsymerr,pl_orbper,pl_orbpererr1,pl_orbpererr2,pl_orbperlim,pl_orbpersymerr,pl_trandurh,pl_trandurherr1,pl_trandurherr2,pl_trandurhlim,pl_trandurhsymerr,pl_trandep,pl_trandeperr1,pl_trandeperr2,pl_trandeplim,pl_trandepsymerr,pl_rade,pl_radeerr1,pl_radeerr2,pl_radelim,pl_radesymerr,pl_insol,pl_eqt,st_tmag,st_tmagerr1,st_tmagerr2,st_tmaglim,st_tmagsymerr,st_dist,st_disterr1,st_disterr2,st_distlim,st_distsymerr,st_teff,st_tefferr1,st_tefferr2,st_tefflim,st_teffsymerr,st_logg,st_loggerr1,st_loggerr2,st_logglim,st_loggsymerr,st_rad,st_raderr1,st_raderr2,st_radlim,st_radsymerr,pred_label,proba_APC,proba_CP,proba_FA,proba_FP,proba_KP,proba_PC
1213,2018,1,CP,229.837442,29.207877,-141.096,0.031,-0.031,0.0,1.0,395.502,0.036,-0.036,0.0,1.0,2458958.257962,0.000728,-0.000728,0,1,7.4355709,1.57e-05,-1.57e-05,0,1,2.3450321,0.2092936,-0.2092936,0,1,1310.6803156,65.53177,-65.53177,0,1,2.2761564,0.6408871,-0.6408871,0,1,26.0757607,576.3403106,8.962,0.006,-0.006,0,1,27.9956,0.02135,-0.02135,0,1,4218.9,162.8,-162.8,0,1,4.67,0.13,-0.13,0,1,0.622512,0.0766281,-0.0766281,0,1,CP,0.005,0.77,0.0,0.005,0.015,0.205
249,1217,1,PC,193.260548,-44.09936,-23.424,0.081,-0.081,0.0,1.0,-0.764,0.083,-0.083,0.0,1.0,2458574.940733,0.004959,-0.004959,0,1,41.4856125,0.0004838,-0.0004838,0,1,6.6899368,0.4075069,-0.4075069,0,1,959.7522291,87.35132,-87.35132,0,1,12.5121956,0.9374495,-0.9374495,0,1,271.196017,1035.0005398,9.6517,0.006,-0.006,0,1,463.223,10.75,-10.75,0,1,6354.0,197.0,-197.0,0,1,4.24472,2.00827,-2.00827,0,1,3.4868701,0.171218,-0.171218,0,1,PC,0.015,0.005,0.01,0.165,0.005,0.8
4520,4937,1,PC,207.66961,-48.807654,-3.896,0.093,-0.093,0.0,1.0,-2.15,0.131,-0.131,0.0,1.0,2459358.244091,0.010565,-0.010565,0,1,5.0414219,0.0001197,-0.0001197,0,1,6.675,0.733,-0.733,0,1,2340.0,5.81094,-5.81094,0,1,11.6667,1.11788,-1.11788,0,1,1527.97,1741.0,12.4864,0.006,-0.006,0,1,1030.16,63.256,-63.256,0,1,5838.0,129.4,-129.4,0,1,3.66,0.09,-0.09,0,1,2.5,0.19,-0.19,0,1,PC,0.0,0.01,0.0,0.055,0.005,0.93
4121,4581,1,KP,297.333072,41.891119,1.967,0.038,-0.038,0.0,1.0,1.365,0.044,-0.044,0.0,1.0,2458719.361769,0.004102,-0.004102,0,1,22.3428773,8.63e-05,-8.63e-05,0,1,6.700128,0.2194179,-0.2194179,0,1,5934.9200116,242.33246,-242.33246,0,1,11.3355032,0.8318238,-0.8318238,0,1,99.086036,804.6793626,11.7889,0.006,-0.006,0,1,477.052,4.9495,-4.9495,0,1,6184.0,129.495,-129.495,0,1,4.20121,0.0908924,-0.0908924,0,1,1.42864,0.0894347,-0.0894347,0,1,KP,0.02,0.01,0.0,0.085,0.675,0.21
4608,5016,1,FP,236.159176,-58.128314,-43.092,0.029,-0.029,0.0,1.0,-26.992,0.028,-0.028,0.0,1.0,2459385.759712,0.002069,-0.002069,0,1,1.2833689,5.7e-06,-5.7e-06,0,1,2.592,0.141,-0.141,0,1,20090.0,2976.75,-2976.75,0,1,23.5753,6.22337,-6.22337,0,1,5124.73,2357.0,12.5209,0.006,-0.006,0,1,365.511,2.88,-2.88,0,1,5442.0,131.8,-131.8,0,1,4.4,0.08,-0.08,0,1,1.01,0.06,-0.06,0,1,FP,0.015,0.025,0.0,0.715,0.005,0.24
5950,620,1,CP,142.173446,-12.167165,35.872,0.105,-0.105,0.0,1.0,-389.854,0.082,-0.082,0.0,1.0,2458518.004514,0.000452,-0.000452,0,1,5.0988038,4.4e-06,-4.4e-06,0,1,1.0252822,0.1748526,-0.1748526,0,1,2925.8222433,132.99059,-132.99059,0,1,3.0503381,0.7816048,-0.7816048,0,1,19.827421,538.1908458,10.2139,0.007,-0.007,0,1,33.0231,0.05845,-0.05845,0,1,3633.0,70.0,-70.0,0,1,4.80423,0.365746,-0.365746,0,1,0.547453,0.0165014,-0.0165014,0,1,CP,0.005,0.775,0.0,0.015,0.01,0.195
4085,455,1,CP,45.462478,-16.594496,-369.196,0.14,-0.14,0.0,1.0,-268.51,0.147,-0.147,0.0,1.0,2459168.295274,0.000728,-0.000728,0,1,5.358776,7.5e-06,-7.5e-06,0,1,1.3697764,0.1474855,-0.1474855,0,1,2708.4393715,132.78087,-132.78087,0,1,1.4454154,0.2984649,-0.2984649,0,1,6.2795537,403.7401541,8.84294,0.008,-0.008,0,1,6.86929,0.003805,-0.003805,0,1,3562.0,83.0,-83.0,0,1,4.97389,0.060229,-0.060229,0,1,0.275953,0.0082828,-0.0082828,0,1,CP,0.0,0.875,0.0,0.005,0.045,0.075
7404,7487,1,KP,351.135378,-5.164145,14.169,0.063,-0.063,0.0,1.0,-12.389,0.052,-0.052,0.0,1.0,2460812.205917,0.001467,-0.001467,0,1,12.4563692,0.0019929,-0.0019929,0,1,3.6674288,0.1316248,-0.1316248,0,1,10352.6423902,344.23175,-344.23175,0,1,8.7723254,0.595583,-0.595583,0,1,47.7343435,670.3899393,11.9039,0.006,-0.006,0,1,233.237,2.271,-2.271,0,1,5278.0,122.095,-122.095,0,1,4.54274,0.0788551,-0.0788551,0,1,0.843307,0.0471155,-0.0471155,0,1,KP,0.005,0.045,0.0,0.01,0.695,0.245
4748,5139,1,PC,153.384453,19.948217,-130.701,0.053,-0.053,0.0,1.0,-66.654,0.054,-0.054,0.0,1.0,2459626.883017,0.004184,-0.004184,0,1,5.9471027,0.000448,-0.000448,0,1,1.544,0.409,-0.409,0,1,3540.0,1955.36,-1955.36,0,1,7.14437,2.91129,-2.91129,0,1,47.8442,732.0,12.7263,0.007,-0.007,0,1,131.219,0.94,-0.94,0,1,3859.0,157.0,-157.0,0,1,4.65384,0.011004,-0.011004,0,1,0.6,0.02,-0.02,0,1,PC,0.01,0.05,0.01,0.025,0.02,0.885
2678,3300,1,PC,246.034734,-82.550772,-10.073,0.031,-0.031,0.0,1.0,-18.396,0.036,-0.036,0.0,1.0,2459381.701217,0.006101,-0.006101,0,1,6.6926834,6.33e-05,-6.33e-05,0,1,5.96,0.399,-0.399,0,1,3180.0,2.76886,-2.76886,0,1,9.62132,0.559269,-0.559269,0,1,678.724,1421.0,12.6579,0.006,-0.006,0,1,791.797,9.458,-9.458,0,1,5918.0,124.6,-124.6,0,1,3.98,0.07,-0.07,0,1,1.75,0.08,-0.08,0,1,PC,0.005,0.005,0.0,0.02,0.045,0.925
665,1563,1,PC,38.810203,48.273763,115.886,0.083,-0.083,0.0,1.0,-98.373,0.081,-0.081,0.0,1.0,2458805.455547,1e-05,-1e-05,0,1,1098.2258586,1.2e-06,-1.2e-06,0,1,6.121,0.008,-0.008,0,1,4496.0,109.653,-109.653,0,1,5.13949,0.420189,-0.420189,0,1,0.0125876,93.0,9.4397,0.006,-0.006,0,1,51.0409,0.10865,-0.10865,0,1,4582.0,131.0,-131.0,0,1,4.55,0.1,-0.1,0,1,0.74,0.06,-0.06,0,1,PC,0.02,0.155,0.005,0.03,0.01,0.78
1073,1897,1,FP,48.370422,75.268379,48.29,0.042,-0.042,0.0,1.0,14.617,0.056,-0.056,0.0,1.0,2459000.999918,0.000253,-0.000253,0,1,48.5340395,0.0003159,-0.0003159,0,1,6.661,0.033,-0.033,0,1,62170.0,0.995212,-0.995212,0,1,26.827,1.24227,-1.24227,0,1,0.0730269,144.0,10.1374,0.006,-0.006,0,1,158.493,0.8355,-0.8355,0,1,5937.0,142.24,-142.24,0,1,4.44855,0.0775541,-0.0775541,0,1,1.03,0.05,-0.05,0,1,FP,0.06,0.045,0.0,0.74,0.035,0.12
3349,3908,1,APC,206.782929,42.736035,-4.159,0.082,-0.082,0.0,1.0,4.65,0.08,-0.08,0.0,1.0,2459637.989586,0.000286,-0.000286,0,1,1.4680992,1.4e-05,-1.4e-05,0,1,2.0456598,0.0224391,-0.0224391,0,1,18506.4662144,143.07999,-143.07999,0,1,25.1682214,7.67699,-7.67699,0,1,1531.1554281,1595.4182996,11.4582,0.007,-0.007,0,1,267.999,5.1785,-5.1785,0,1,5433.0,122.3,-122.3,0,1,4.33,0.08,-0.08,0,1,1.10122,0.0613568,-0.0613568,0,1,APC,0.735,0.035,0.0,0.035,0.08,0.115
199,1174,1,CP,209.217175,68.618211,-81.077,0.052,-0.052,0.0,1.0,45.498,0.042,-0.042,0.0,1.0,2460355.403307,0.002268,-0.002268,0,1,8.9534775,2.18e-05,-2.18e-05,0,1,2.696,0.316,-0.316,0,1,1136.0,46.1782,-46.1782,0,1,2.35888,0.165763,-0.165763,0,1,45.5604,723.0,10.2549,0.006,-0.006,0,1,94.6375,0.2501,-0.2501,0,1,5029.5,59.9,-59.9,0,1,4.61,0.09,-0.09,0,1,0.76,0.05,-0.05,0,1,CP,0.005,0.865,0.0,0.0,0.01,0.12
2353,3005,1,FP,139.190353,-59.528015,-9.527,0.044,-0.044,0.0,1.0,5.574,0.049,-0.049,0.0,1.0,2459329.676949,0.003299,-0.003299,0,1,2.0958074,1.6e-05,-1.6e-05,0,1,2.992,0.761,-0.761,0,1,2350.0,8.78714,-8.78714,0,1,7.63843,0.621552,-0.621552,0,1,4081.38,2226.0,12.3487,0.006,-0.006,0,1,768.845,15.0295,-15.0295,0,1,6793.0,133.3,-133.3,0,1,4.2,0.09,-0.09,0,1,1.6,0.07,-0.07,0,1,PC,0.005,0.005,0.0,0.45,0.0,0.54
1633,2369,1,PC,83.913807,4.82797,3.399,0.104,-0.104,0.0,1.0,-32.39,0.082,-0.082,0.0,1.0,2458489.43839,0.00255,-0.00255,0,1,3.36376,0.00068,-0.00068,0,1,3.418,0.211,-0.211,0,1,7030.0,2.93661,-2.93661,0,1,10.7493,0.771513,-0.771513,0,1,705.699,1435.0,12.1227,0.02,-0.02,0,1,418.29,8.3105,-8.3105,0,1,5713.3,133.1,-133.1,0,1,4.24,0.09,-0.09,0,1,1.27,0.09,-0.09,0,1,PC,0.01,0.03,0.01,0.085,0.05,0.815
3365,3922,1,PC,228.833287,40.267196,40.126,0.033,-0.033,0.0,1.0,-35.793,0.044,-0.044,0.0,1.0,2459715.758828,0.000349,-0.000349,0,1,3.8960617,2.6e-06,-2.6e-06,0,1,1.734,0.067,-0.067,0,1,22610.0,5.20339,-5.20339,0,1,12.1401,0.760153,-0.760153,0,1,84.8919,845.0,12.251,0.008,-0.008,0,1,262.531,1.5885,-1.5885,0,1,5247.0,129.7,-129.7,0,1,4.59,0.09,-0.09,0,1,0.8,0.05,-0.05,0,1,PC,0.015,0.06,0.0,0.05,0.205,0.67
3945,4430,1,PC,286.680147,78.579143,6.71,0.025,-0.025,0.0,1.0,26.91,0.027,-0.027,0.0,1.0,2459884.031242,0.003078,-0.003078,0,1,6.6363577,1.69e-05,-1.69e-05,0,1,6.385,0.275,-0.275,0,1,7470.0,1.34344,-1.34344,0,1,12.2701,0.695633,-0.695633,0,1,543.643,1345.0,12.8668,0.009,-0.009,0,1,665.068,6.579,-6.579,0,1,5490.0,133.259,-133.259,0,1,4.09312,0.0799201,-0.0799201,0,1,1.46,0.08,-0.08,0,1,PC,0.015,0.045,0.005,0.03,0.04,0.865
4059,4527,1,CP,19.472257,5.4712,87.767,0.105,-0.105,0.0,1.0,-634.337,0.07,-0.07,0.0,1.0,2459474.200243,0.001356,-0.001356,0,1,0.3994445,1.34e-05,-1.34e-05,0,1,0.8028796,0.1970822,-0.1970822,0,1,330.8173737,26.466192,-26.466192,0,1,0.9086617,0.953413,-0.953413,0,1,571.5071504,1247.0250186,9.16764,0.007,-0.007,0,1,18.1037,0.0174,-0.0174,0,1,3702.0,157.0,-157.0,0,1,4.75,0.01,-0.01,0,1,0.485948,0.014338,-0.014338,0,1,CP,0.0,0.775,0.0,0.005,0.015,0.205
5869,6126,1,PC,341.019058,38.516276,-15.4,0.033,-0.033,0.0,1.0,-21.326,0.04,-0.04,0.0,1.0,2459843.27509,0.001386,-0.001386,0,1,7.1603723,0.0009977,-0.0009977,0,1,4.672,0.343,-0.343,0,1,9174.0,286.1,-286.1,0,1,14.5353,0.816014,-0.816014,0,1,304.256,1163.0,12.2601,0.007,-0.007,0,1,565.492,10.0555,-10.0555,0,1,5767.0,128.3,-128.3,0,1,4.07,0.08,-0.08,0,1,1.54,0.08,-0.08,0,1,PC,0.055,0.025,0.0,0.07,0.04,0.81
4227,4671,1,PC,43.695622,-4.863004,50.511,0.083,-0.083,0.0,1.0,3.054,0.106,-0.106,0.0,1.0,2459167.096077,0.006177,-0.006177,0,1,17.1470323,0.0001936,-0.0001936,0,1,3.895,0.88,-0.88,0,1,2310.0,5.11899,-5.11899,0,1,5.37173,0.404925,-0.404925,0,1,46.4785,727.0,11.6733,0.008,-0.008,0,1,325.257,6.6275,-6.6275,0,1,5689.0,125.6,-125.6,0,1,4.34,0.08,-0.08,0,1,1.13,0.06,-0.06,0,1,PC,0.015,0.035,0.0,0.05,0.01,0.89
6205,6427,1,PC,109.442564,-40.886052,-16.244,0.032,-0.032,0.0,1.0,-0.295,0.035,-0.035,0.0,1.0,2459961.906987,0.006144,-0.006144,0,1,18.372561,0.0001171,-0.0001171,0,1,4.807,0.652,-0.652,0,1,4311.0,203.934,-203.934,0,1,8.40725,0.533254,-0.533254,0,1,56.6794,764.0,12.4642,0.006,-0.006,0,1,601.941,6.736,-6.736,0,1,5822.0,127.9,-127.9,0,1,4.09,0.08,-0.08,0,1,1.53,0.07,-0.07,0,1,PC,0.005,0.005,0.0,0.015,0.0,0.975
1111,1930,1,KP,223.658719,-38.744547,0.723,0.072,-0.072,0.0,1.0,-1.53,0.063,-0.063,0.0,1.0,2459355.488108,0.000868,-0.000868,0,1,2.8786641,4.8e-06,-4.8e-06,0,1,2.207,0.078,-0.078,0,1,8710.0,4.03981,-4.03981,0,1,12.863,0.793497,-0.793497,0,1,471.142,1297.0,12.1014,0.006,-0.006,0,1,508.885,16.1435,-16.1435,0,1,6017.0,133.0,-133.0,0,1,4.22,0.08,-0.08,0,1,1.35,0.08,-0.08,0,1,KP,0.02,0.01,0.0,0.01,0.775,0.185
7281,7375,1,PC,326.654048,48.044159,3.191,0.05,-0.05,0.0,1.0,-4.176,0.053,-0.053,0.0,1.0,2460580.648685,0.004225,-0.004225,0,1,27.1970496,0.0001303,-0.0001303,0,1,5.476,0.708,-0.708,0,1,4620.0,204.578,-204.578,0,1,5.40151,0.332408,-0.332408,0,1,33.8579,672.0,11.7285,0.006,-0.006,0,1,288.327,2.4935,-2.4935,0,1,5859.0,186.7,-186.7,0,1,4.52,0.08,-0.08,0,1,0.94,0.05,-0.05,0,1,PC,0.01,0.02,0.0,0.01,0.005,0.955
5735,6008,1,CP,310.448734,49.646899,158.442,0.102,-0.102,0.0,1.0,44.404,0.093,-0.093,0.0,1.0,2458711.372904,0.000505,-0.000505,0,1,0.8573727,1.4e-05,-1.4e-05,0,1,0.5478598,0.1023774,-0.1023774,0,1,2045.7091221,270.04935,-270.04935,0,1,1.2465478,0.1580336,-0.1580336,0,1,42.012202,649.3272227,12.2936,0.007,-0.007,0,1,23.1008,0.0292,-0.0292,0,1,3098.0,157.0,-157.0,0,1,5.00721,0.0168336,-0.0168336,0,1,0.235048,0.0069986,-0.0069986,0,1,PC,0.005,0.435,0.0,0.005,0.03,0.525
1091,1912,1,KP,126.337825,-11.500989,-5.388,0.049,-0.049,0.0,1.0,-0.587,0.04,-0.04,0.0,1.0,2459249.035676,0.000594,-0.000594,0,1,5.4053583,9.2e-06,-9.2e-06,0,1,4.859,0.118,-0.118,0,1,6770.0,0.487159,-0.487159,0,1,13.4237,0.628467,-0.628467,0,1,857.119,1507.0,10.5579,0.006,-0.006,0,1,343.08,4.094,-4.094,0,1,6410.0,128.8,-128.8,0,1,4.14,0.09,-0.09,0,1,1.59,0.07,-0.07,0,1,KP,0.015,0.125,0.0,0.04,0.695,0.125
4865,5243,1,PC,309.333017,48.04051,-3.132,0.03,-0.03,0.0,1.0,-8.46,0.029,-0.029,0.0,1.0,2459825.686941,0.001534,-0.001534,0,1,1.6087939,8.1e-06,-8.1e-06,0,1,1.966,0.23,-0.23,0,1,8160.0,13.4409,-13.4409,0,1,16.2542,1.08003,-1.08003,0,1,1301.71,1673.0,12.5949,0.013,-0.013,0,1,764.006,10.6045,-10.6045,0,1,5995.0,145.8,-145.8,0,1,3.96,0.08,-0.08,0,1,1.81,0.09,-0.09,0,1,PC,0.01,0.0,0.0,0.045,0.005,0.94
6734,6898,1,PC,333.155846,-24.209535,-25.93,0.074,-0.074,0.0,1.0,-112.573,0.073,-0.073,0.0,1.0,2459065.544368,0.002582,-0.002582,0,1,18.1070683,0.0035021,-0.0035021,0,1,3.4544369,0.2966781,-0.2966781,0,1,1920.6396242,132.17851,-132.17851,0,1,3.3584758,0.4252137,-0.4252137,0,1,8.0547175,429.6673243,10.5941,0.006,-0.006,0,1,57.17,0.16185,-0.16185,0,1,4024.0,120.94,-120.94,0,1,4.5752,0.117319,-0.117319,0,1,0.677805,0.0664497,-0.0664497,0,1,PC,0.0,0.015,0.02,0.005,0.025,0.935
3144,3721,1,PC,80.611594,40.425991,3.046,0.048,-0.048,0.0,1.0,-16.249,0.034,-0.034,0.0,1.0,2460287.522921,0.002019,-0.002019,0,1,3.5411235,0.0004452,-0.0004452,0,1,3.0771407,0.1407287,-0.1407287,0,1,8736.2229728,408.45926,-408.45926,0,1,10.2150358,0.906281,-0.906281,0,1,401.2147341,1141.4685966,12.6975,0.006,-0.006,0,1,416.005,5.075,-5.075,0,1,5151.0,168.9,-168.9,0,1,4.3,0.09,-0.09,0,1,1.09532,0.0682236,-0.0682236,0,1,PC,0.015,0.02,0.0,0.04,0.01,0.915
5452,5754,1,PC,244.056148,20.293793,2.129,0.028,-0.028,0.0,1.0,6.163,0.03,-0.03,0.0,1.0,2459736.090495,0.001401,-0.001401,0,1,3.6479472,1.08e-05,-1.08e-05,0,1,1.683,0.288,-0.288,0,1,9470.0,12.9068,-12.9068,0,1,11.96,0.744782,-0.744782,0,1,208.679,1058.0,12.6025,0.008,-0.008,0,1,557.293,7.261,-7.261,0,1,5999.0,135.5,-135.5,0,1,4.35,0.08,-0.08,0,1,1.16,0.06,-0.06,0,1,PC,0.01,0.0,0.0,0.005,0.0,0.985
2020,2707,1,KP,68.974396,2.431273,7.784,0.079,-0.079,0.0,1.0,-3.863,0.044,-0.044,0.0,1.0,2459194.067914,0.000878,-0.000878,0,1,4.007232,6.7e-06,-6.7e-06,0,1,4.78,0.112,-0.112,0,1,10360.0,1.17919,-1.17919,0,1,18.1614,0.968247,-0.968247,0,1,1275.2,1664.0,12.1569,0.009,-0.009,0,1,651.897,15.0705,-15.0705,0,1,6202.0,131.6,-131.6,0,1,4.03,0.09,-0.09,0,1,1.75,0.09,-0.09,0,1,KP,0.005,0.045,0.0,0.035,0.625,0.29
6820,6972,1,PC,204.439616,48.246384,-41.647,0.039,-0.039,0.0,1.0,6.544,0.042,-0.042,0.0,1.0,2459661.074326,0.002549,-0.002549,0,1,5.4809114,2.15e-05,-2.15e-05,0,1,4.908,0.607,-0.607,0,1,2237.0,100.01,-100.01,0,1,8.44272,0.457822,-0.457822,0,1,736.085,1451.0,10.388,0.007,-0.007,0,1,297.451,2.511,-2.511,0,1,5907.0,127.6,-127.6,0,1,3.99,0.08,-0.08,0,1,1.72,0.08,-0.08,0,1,PC,0.01,0.11,0.01,0.125,0.04,0.705
5679,5958,1,PC,345.63745,24.24957,-18.587,0.07,-0.07,0.0,1.0,-22.364,0.059,-0.059,0.0,1.0,2459825.785407,0.002978,-0.002978,0,1,2.3062125,0.0004932,-0.0004932,0,1,1.5098977,0.4592511,-0.4592511,0,1,400.6390117,53.22851,-53.22851,0,1,2.0651033,1.589122,-1.589122,0,1,791.3345542,1352.7258275,9.5236,0.006,-0.006,0,1,108.991,0.5115,-0.5115,0,1,5816.0,147.639,-147.639,0,1,4.48945,0.0814378,-0.0814378,0,1,0.963996,0.047598,-0.047598,0,1,PC,0.0,0.1,0.05,0.07,0.065,0.715
4984,5351,1,PC,78.372399,18.259576,0.418,0.049,-0.049,0.0,1.0,-4.598,0.031,-0.031,0.0,1.0,2459523.18765,0.003445,-0.003445,0,1,2.8817237,0.0003267,-0.0003267,0,1,1.596,0.229,-0.229,0,1,7280.0,12.9414,-12.9414,0,1,14.306,0.992239,-0.992239,0,1,310.304,1169.0,12.8807,0.007,-0.007,0,1,796.298,18.831,-18.831,0,1,6182.0,125.3,-125.3,0,1,4.08,0.08,-0.08,0,1,1.64,0.09,-0.09,0,1,PC,0.13,0.005,0.0,0.13,0.01,0.725
6497,6686,1,KP,284.548382,-47.003307,1.443,0.107,-0.107,0.0,1.0,-15.58,0.099,-0.099,0.0,1.0,2460128.917227,0.000293,-0.000293,0,1,4.1661265,8.64e-05,-8.64e-05,0,1,3.7000327,0.0214064,-0.0214064,0,1,15441.3606576,77.218185,-77.218185,0,1,14.5365629,0.6942914,-0.6942914,0,1,533.3427629,1225.6637768,10.2748,0.006,-0.006,0,1,188.404,2.157,-2.157,0,1,5883.0,133.8,-133.8,0,1,4.34,0.08,-0.08,0,1,1.15599,0.0548743,-0.0548743,0,1,KP,0.0,0.015,0.0,0.015,0.835,0.135
4147,4601,1,PC,75.814118,24.22327,4.301,0.095,-0.095,0.0,1.0,-14.898,0.061,-0.061,0.0,1.0,2459501.2671,0.000589,-0.000589,0,1,2.7875233,0.0001179,-0.0001179,0,1,1.7384121,0.0439148,-0.0439148,0,1,8077.6726128,227.48209,-227.48209,0,1,15.2099907,2.913487,-2.913487,0,1,1379.1372564,1554.2526706,10.3099,0.006,-0.006,0,1,225.749,2.3855,-2.3855,0,1,6408.3,122.5,-122.5,0,1,4.34,0.1,-0.1,0,1,1.27487,0.0778015,-0.0778015,0,1,PC,0.095,0.025,0.0,0.045,0.125,0.71
6067,6301,1,PC,22.406592,46.759351,-4.885,0.06,-0.06,0.0,1.0,1.09,0.052,-0.052,0.0,1.0,2459899.627921,0.004202,-0.004202,0,1,7.1436336,3.79e-05,-3.79e-05,0,1,5.668,0.626,-0.626,0,1,5205.0,199.738,-199.738,0,1,11.4874,0.805369,-0.805369,0,1,837.098,1498.0,12.8355,0.007,-0.007,0,1,1175.42,48.985,-48.985,0,1,6604.0,125.8,-125.8,0,1,4.01,0.1,-0.1,0,1,1.92,0.12,-0.12,0,1,PC,0.01,0.005,0.0,0.005,0.0,0.98
4047,4516,1,KP,47.368947,30.673382,3.856,0.267,-0.267,0.0,1.0,-44.826,0.213,-0.213,0.0,1.0,2459885.541633,0.000254,-0.000254,0,1,3.7224626,6.93e-05,-6.93e-05,0,1,2.595678,0.0224847,-0.0224847,0,1,19962.6105832,119.55813,-119.55813,0,1,11.4694856,0.9716158,-0.9716158,0,1,184.988035,940.6014835,10.9332,0.006,-0.006,0,1,124.73,2.078,-2.078,0,1,4926.0,136.738,-136.738,0,1,4.51771,0.104576,-0.104576,0,1,0.82064,0.0690754,-0.0690754,0,1,KP,0.015,0.0,0.0,0.05,0.91,0.025
5886,6141,1,PC,347.050009,12.432919,-12.653,0.062,-0.062,0.0,1.0,-19.313,0.046,-0.046,0.0,1.0,2459848.304998,0.00088,-0.00088,0,1,2.6607389,0.0002093,-0.0002093,0,1,1.538,0.253,-0.253,0,1,16613.0,724.263,-724.263,0,1,16.2086,1.0011,-1.0011,0,1,315.217,1173.0,12.4789,0.009,-0.009,0,1,560.429,14.056,-14.056,0,1,6090.2,129.0,-129.0,0,1,4.28,0.09,-0.09,0,1,1.27,0.07,-0.07,0,1,PC,0.035,0.01,0.0,0.035,0.005,0.915
3300,3863,1,PC,187.273217,31.654807,3.986,0.033,-0.033,0.0,1.0,-13.26,0.021,-0.021,0.0,1.0,2459633.270394,0.003832,-0.003832,0,1,10.9543562,7.11e-05,-7.11e-05,0,1,4.737,0.35,-0.35,0,1,8770.0,5.84212,-5.84212,0,1,9.03653,0.52125,-0.52125,0,1,113.516,909.0,12.8385,0.007,-0.007,0,1,450.577,5.0425,-5.0425,0,1,5542.4,117.5,-117.5,0,1,4.46,0.08,-0.08,0,1,0.96,0.05,-0.05,0,1,PC,0.005,0.03,0.0,0.015,0.005,0.945
6450,6647,1,PC,1.21215,42.868196,89.054,0.054,-0.054,0.0,1.0,7.333,0.034,-0.034,0.0,1.0,2460606.995622,0.003072,-0.003072,0,1,3.9963956,1.22e-05,-1.22e-05,0,1,3.878,0.442,-0.442,0,1,635.0,37.2613,-37.2613,0,1,3.52475,0.224801,-0.224801,0,1,736.757,1451.0,9.65566,0.006,-0.006,0,1,174.397,1.3555,-1.3555,0,1,5684.0,122.6,-122.6,0,1,4.08,0.07,-0.07,0,1,1.52,0.07,-0.07,0,1,PC,0.005,0.035,0.01,0.02,0.02,0.91
5506,5802,1,KP,304.207992,3.293949,27.196,0.076,-0.076,0.0,1.0,-15.319,0.05,-0.05,0.0,1.0,2459770.470612,0.000997,-0.000997,0,1,2.7161298,0.0001805,-0.0001805,0,1,3.5299033,0.071791,-0.071791,0,1,14527.4470152,578.6479,-578.6479,0,1,14.5541659,0.7971057,-0.7971057,0,1,1034.0911042,1446.303543,11.8886,0.006,-0.006,0,1,398.505,7.0105,-7.0105,0,1,5962.0,120.951,-120.951,0,1,4.32795,0.0766859,-0.0766859,0,1,1.18678,0.056784,-0.056784,0,1,KP,0.03,0.015,0.0,0.005,0.805,0.145
5908,6161,1,PC,307.688232,45.279137,-4.138,0.029,-0.029,0.0,1.0,-0.859,0.029,-0.029,0.0,1.0,2459846.665072,0.002791,-0.002791,0,1,5.7415661,3.09e-05,-3.09e-05,0,1,1.414,0.461,-0.461,0,1,5879.0,788.668,-788.668,0,1,11.2346,1.01105,-1.01105,0,1,64.1962,788.0,12.8566,0.012,-0.012,0,1,716.394,8.9485,-8.9485,0,1,6051.0,140.4,-140.4,0,1,4.19,0.08,-0.08,0,1,1.42,0.07,-0.07,0,1,PC,0.01,0.0,0.0,0.015,0.0,0.975
4665,5068,1,KP,130.180046,10.982951,-65.162,0.088,-0.088,0.0,1.0,1.417,0.062,-0.062,0.0,1.0,2460277.077587,0.001291,-0.001291,0,1,4.7369669,2.4e-06,-2.4e-06,0,1,2.58,0.099,-0.099,0,1,1238.0,29.8764,-29.8764,0,1,2.93924,0.156577,-0.156577,0,1,307.522,1166.0,11.1704,0.006,-0.006,0,1,154.83,1.246,-1.246,0,1,5069.2,124.4,-124.4,0,1,4.46,2.0,-2.0,0,1,0.79,0.04,-0.04,0,1,KP,0.015,0.05,0.005,0.02,0.72,0.19
2553,3187,1,PC,197.579939,-48.908885,5.54,0.218,-0.218,0.0,1.0,0.544,0.186,-0.186,0.0,1.0,2459359.079526,0.00139,-0.00139,0,1,2.0084283,7.4e-06,-7.4e-06,0,1,2.6,0.256,-0.256,0,1,1310.0,0.49342,-0.49342,0,1,16.5313,3.67441,-3.67441,0,1,1608.42,1764.0,11.1799,0.009,-0.009,0,1,1018.11,220.288,-220.288,0,1,5438.8,335.1,-335.1,0,1,4.3,2.0,-2.0,0,1,4.54,1.0,-1.0,0,1,PC,0.045,0.015,0.005,0.06,0.02,0.855
6680,6849,1,FP,352.949174,-17.448458,7.256,0.1,-0.1,0.0,1.0,-15.108,0.097,-0.097,0.0,1.0,2458371.510523,1e-05,-1e-05,0,1,1825.048364,1e-06,-1e-06,0,1,3.62,0.017,-0.017,0,1,2576.0,92.5051,-92.5051,0,1,12.7111,0.640568,-0.640568,0,1,0.0187275,103.0,9.9309,0.008,-0.008,0,1,319.053,6.462,-6.462,0,1,6290.0,129.0,-129.0,0,1,3.89,0.09,-0.09,0,1,2.09,0.1,-0.1,0,1,FP,0.025,0.025,0.005,0.76,0.03,0.155
6770,6930,1,PC,111.764498,26.928341,-2.274,0.048,-0.048,0.0,1.0,-3.469,0.038,-0.038,0.0,1.0,2460273.053249,0.001725,-0.001725,0,1,7.2218817,2.24e-05,-2.24e-05,0,1,2.116,0.728,-0.728,0,1,8080.0,3916.12,-3916.12,0,1,13.5058,2.40229,-2.40229,0,1,188.768,1032.0,12.9171,0.008,-0.008,0,1,672.359,12.0005,-12.0005,0,1,6172.8,125.6,-125.6,0,1,4.39,0.09,-0.09,0,1,1.15,0.06,-0.06,0,1,PC,0.045,0.01,0.0,0.04,0.0,0.905
631,1533,1,PC,355.246721,57.485242,19.799,0.045,-0.045,0.0,1.0,-34.45,0.047,-0.047,0.0,1.0,2460446.421805,0.001733,-0.001733,0,1,3.6458046,7e-06,-7e-06,0,1,1.828,0.436,-0.436,0,1,1168.0,60.0418,-60.0418,0,1,2.93272,0.198607,-0.198607,0,1,173.908,1011.0,10.1128,0.006,-0.006,0,1,100.051,0.2983,-0.2983,0,1,5053.0,119.9,-119.9,0,1,4.48,0.08,-0.08,0,1,0.88,0.05,-0.05,0,1,PC,0.005,0.185,0.0,0.01,0.035,0.765
3623,4149,1,PC,61.055097,75.496655,3.733,0.056,-0.056,0.0,1.0,-4.069,0.06,-0.06,0.0,1.0,2459768.675673,0.000801,-0.000801,0,1,3.2928068,5.4e-06,-5.4e-06,0,1,2.107,0.154,-0.154,0,1,16460.0,7.13136,-7.13136,0,1,11.9432,0.803304,-0.803304,0,1,159.842,990.0,12.8508,0.014,-0.014,0,1,331.43,3.9135,-3.9135,0,1,5037.0,143.4,-143.4,0,1,4.44,0.09,-0.09,0,1,0.91,0.06,-0.06,0,1,PC,0.01,0.015,0.0,0.025,0.0,0.95
5752,6022,2,PC,340.001249,60.8235,56.651,0.07,-0.07,0.0,1.0,75.605,0.064,-0.064,0.0,1.0,2458765.940349,0.002776,-0.002776,0,1,1.5454492,1.27e-05,-1.27e-05,0,1,2.7821528,0.4825546,-0.4825546,0,1,4280.7714918,559.60364,-559.60364,0,1,2.4829303,0.550688,-0.550688,0,1,40.3385544,642.7614652,13.7057,0.007,-0.007,0,1,86.9388,0.3151,-0.3151,0,1,3264.0,157.0,-157.0,0,1,4.8548,0.001224,-0.001224,0,1,0.369847,0.011002,-0.011002,0,1,PC,0.005,0.055,0.005,0.065,0.03,0.84
4991,5358,1,PC,54.183897,28.550269,19.873,0.091,-0.091,0.0,1.0,-45.404,0.062,-0.062,0.0,1.0,2459450.140226,0.001477,-0.001477,0,1,2.6599132,1.11e-05,-1.11e-05,0,1,2.163707,0.1732373,-0.1732373,0,1,1258.8468444,91.442024,-91.442024,0,1,3.4087339,0.3531836,-0.3531836,0,1,231.4473239,994.79316,11.5278,0.006,-0.006,0,1,138.708,1.063,-1.063,0,1,4636.3,110.2,-110.2,0,1,4.5,0.1,-0.1,0,1,0.802524,0.0636332,-0.0636332,0,1,PC,0.035,0.145,0.0,0.045,0.195,0.58
3618,4144,1,PC,86.617798,75.045539,-1.746,0.034,-0.034,0.0,1.0,-14.478,0.042,-0.042,0.0,1.0,2459744.991419,0.000946,-0.000946,0,1,16.9020565,2.31e-05,-2.31e-05,0,1,5.729,0.229,-0.229,0,1,14890.0,1.99691,-1.99691,0,1,11.3763,0.641715,-0.641715,0,1,62.5724,783.0,11.9039,0.006,-0.006,0,1,260.002,1.603,-1.603,0,1,5442.0,129.4,-129.4,0,1,4.49,0.08,-0.08,0,1,0.91,0.05,-0.05,0,1,PC,0.0,0.045,0.0,0.045,0.015,0.895
5661,5942,1,FP,317.541024,38.239559,-5.906,0.034,-0.034,0.0,1.0,-5.905,0.038,-0.038,0.0,1.0,2459822.98395,0.00189,-0.00189,0,1,1.6540803,6.4e-06,-6.4e-06,0,1,2.008,0.56,-0.56,0,1,3460.0,316.209,-316.209,0,1,15.2145,1.07674,-1.07674,0,1,2118.23,1889.0,11.7528,0.023,-0.023,0,1,799.123,15.028,-15.028,0,1,6453.0,195.3,-195.3,0,1,3.76,0.09,-0.09,0,1,2.51,0.12,-0.12,0,1,FP,0.015,0.01,0.0,0.705,0.0,0.27
5824,6086,1,CP,265.370424,30.303776,-110.595,0.061,-0.061,0.0,1.0,2.165,0.071,-0.071,0.0,1.0,2458984.759725,0.001364,-0.001364,0,1,1.3888584,1.38e-05,-1.38e-05,0,1,0.8267002,0.6351241,-0.6351241,0,1,1372.5136834,241.27072,-241.27072,0,1,0.9650619,1.7210847,-1.7210847,0,1,31.5257386,604.3465776,12.4106,0.007,-0.007,0,1,31.4566,0.0405,-0.0405,0,1,3300.0,157.0,-157.0,0,1,4.97775,0.0124862,-0.0124862,0,1,0.256456,0.0076563,-0.0076563,0,1,CP,0.0,0.695,0.01,0.02,0.0,0.275
833,1710,1,CP,94.283837,76.21102,59.837,0.037,-0.037,0.0,1.0,55.61,0.044,-0.044,0.0,1.0,2460439.666809,0.000776,-0.000776,0,1,24.2833782,1.82e-05,-1.82e-05,0,1,5.132,0.121,-0.121,0,1,2844.0,37.9357,-37.9357,0,1,5.21152,0.25711,-0.25711,0,1,30.5138,654.0,8.9134,0.006,-0.006,0,1,81.2271,0.17695,-0.17695,0,1,5675.0,125.8,-125.8,0,1,4.46,0.08,-0.08,0,1,0.98,0.05,-0.05,0,1,CP,0.005,0.875,0.0,0.025,0.01,0.085
4002,4480,1,KP,294.356556,38.947342,-0.071,0.047,-0.047,0.0,1.0,-5.376,0.054,-0.054,0.0,1.0,2459771.442186,0.003583,-0.003583,0,1,3.8493846,3.22e-05,-3.22e-05,0,1,2.6908269,0.1855452,-0.1855452,0,1,1372.2876678,86.32825,-86.32825,0,1,16.8088001,1.2394345,-1.2394345,0,1,6689.7863925,2306.6027861,11.0418,0.009,-0.009,0,1,788.238,17.0705,-17.0705,0,1,5843.47,135.15,-135.15,0,1,3.27448,0.0854146,-0.0854146,0,1,3.9119101,0.219008,-0.219008,0,1,KP,0.02,0.015,0.0,0.125,0.615,0.225
5586,5874,1,PC,320.15457,1.804035,15.224,0.063,-0.063,0.0,1.0,-8.849,0.055,-0.055,0.0,1.0,2459820.144262,0.001353,-0.001353,0,1,2.5784481,0.0003127,-0.0003127,0,1,1.253,0.195,-0.195,0,1,7620.0,541.098,-541.098,0,1,10.3952,0.680806,-0.680806,0,1,147.884,971.0,12.3072,0.008,-0.008,0,1,406.631,6.7765,-6.7765,0,1,5512.0,125.9,-125.9,0,1,4.33,0.08,-0.08,0,1,1.12,0.06,-0.06,0,1,PC,0.055,0.0,0.0,0.05,0.005,0.89
3611,4138,1,CP,227.532153,72.710313,13.268,0.039,-0.039,0.0,1.0,-7.813,0.035,-0.035,0.0,1.0,2459660.607824,0.000327,-0.000327,0,1,3.660032,4.4e-06,-4.4e-06,0,1,4.7853014,0.0270728,-0.0270728,0,1,7749.7203265,36.76219,-36.76219,0,1,17.5565568,0.8129793,-0.8129793,0,1,1804.5548719,1662.3109767,11.2633,0.007,-0.007,0,1,505.703,5.0755,-5.0755,0,1,5988.0,140.0,-140.0,0,1,3.93,0.08,-0.08,0,1,1.88626,0.0869244,-0.0869244,0,1,CP,0.015,0.725,0.0,0.02,0.085,0.155
4918,5291,1,PC,338.733227,-11.363238,-2.923,0.075,-0.075,0.0,1.0,20.448,0.074,-0.074,0.0,1.0,2459467.596354,0.002016,-0.002016,0,1,2.3007511,0.0004842,-0.0004842,0,1,1.35,0.229,-0.229,0,1,2390.0,6.72504,-6.72504,0,1,6.24136,0.470327,-0.470327,0,1,256.685,1115.0,10.8921,0.009,-0.009,0,1,236.736,2.443,-2.443,0,1,5603.0,128.2,-128.2,0,1,4.27,0.08,-0.08,0,1,1.21,0.06,-0.06,0,1,PC,0.06,0.005,0.0,0.085,0.015,0.835
4054,4522,1,FP,23.304228,5.645209,-45.078,0.309,-0.309,0.0,1.0,-32.668,0.186,-0.186,0.0,1.0,2459447.841312,0.000424,-0.000424,0,1,0.3643225,1.56e-05,-1.56e-05,0,1,0.2120684,0.1775002,-0.1775002,0,1,38216.7895418,6318.155,-6318.155,0,1,6.9527391,3.9343698,-3.9343698,0,1,329.3048956,1086.4738962,15.6615,0.009,-0.009,0,1,233.735,6.5175,-6.5175,0,1,3473.0,158.0,-158.0,0,1,4.87657,0.0046057,-0.0046057,0,1,0.347331,0.0138193,-0.0138193,0,1,PC,0.095,0.095,0.0,0.175,0.02,0.615
2521,3158,1,PC,171.015386,-57.543638,-22.843,0.032,-0.032,0.0,1.0,6.675,0.029,-0.029,0.0,1.0,2459329.466826,0.007389,-0.007389,0,1,6.8561604,8.36e-05,-8.36e-05,0,1,4.32,0.658,-0.658,0,1,5540.0,11.2562,-11.2562,0,1,14.3692,1.01411,-1.01411,0,1,461.072,1290.0,12.534,0.006,-0.006,0,1,935.189,18.8085,-18.8085,0,1,6282.0,131.1,-131.1,0,1,3.92,0.08,-0.08,0,1,2.01,0.1,-0.1,0,1,PC,0.005,0.03,0.0,0.025,0.0,0.94
4062,453,1,KP,72.660592,1.893836,-16.151,0.064,-0.064,0.0,1.0,-18.866,0.044,-0.044,0.0,1.0,2458438.96587,0.0004,-0.0004,0,1,2.70582,8e-05,-8e-05,0,1,4.968,0.031,-0.031,0,1,7500.0,0.107904,-0.107904,0,1,18.4904,0.986603,-0.986603,0,1,3557.29,2151.0,9.538961,0.006,-0.006,0,1,275.664,3.0885,-3.0885,0,1,6441.6,145.8,-145.8,0,1,3.91,0.09,-0.09,0,1,2.1,0.11,-0.11,0,1,KP,0.01,0.075,0.0,0.095,0.705,0.115
5244,5575,1,PC,241.248539,85.204724,-19.384,0.088,-0.088,0.0,1.0,131.435,0.097,-0.097,0.0,1.0,2459747.65944,1.8e-05,-1.8e-05,0,1,32.0736228,1e-06,-1e-06,0,1,2.347,0.003,-0.003,0,1,145640.0,866.394,-866.394,0,1,9.48121,0.285814,-0.285814,0,1,0.243503,195.0,14.0127,0.008,-0.008,0,1,56.6893,0.1695,-0.1695,0,1,3176.0,157.0,-157.0,0,1,5.0,0.02,-0.02,0,1,0.24,0.01,-0.01,0,1,PC,0.015,0.125,0.005,0.015,0.05,0.79
5409,5716,1,PC,201.900799,73.177433,-81.501,0.082,-0.082,0.0,1.0,-217.264,0.07,-0.07,0.0,1.0,2458683.61592,0.001872,-0.001872,0,1,6.7662729,2.65e-05,-2.65e-05,0,1,1.0575063,1.1930561,-1.1930561,0,1,1998.3738721,372.24612,-372.24612,0,1,1.0176743,2.5089574,-2.5089574,0,1,3.4093064,346.566242,13.1066,0.007,-0.007,0,1,39.4122,0.0677,-0.0677,0,1,3331.0,157.0,-157.0,0,1,5.02076,0.0186139,-0.0186139,0,1,0.225966,0.0068267,-0.0068267,0,1,PC,0.005,0.085,0.015,0.07,0.0,0.825
5407,5714,1,PC,132.028101,57.488956,-31.192,0.09,-0.09,0.0,1.0,-4.97,0.105,-0.105,0.0,1.0,2458843.312379,0.002042,-0.002042,0,1,7.7784947,2.53e-05,-2.53e-05,0,1,2.605685,0.3691051,-0.3691051,0,1,760.4735322,76.00819,-76.00819,0,1,2.8542925,0.7670909,-0.7670909,0,1,139.4610477,876.4617758,10.3463,0.006,-0.006,0,1,141.492,1.2195,-1.2195,0,1,5610.2,105.923,-105.923,0,1,4.46925,0.0795946,-0.0795946,0,1,0.961354,0.0505553,-0.0505553,0,1,PC,0.01,0.04,0.0,0.03,0.055,0.865
6141,6369,1,PC,69.250535,49.614861,8.466,0.054,-0.054,0.0,1.0,-12.59,0.036,-0.036,0.0,1.0,2459934.394703,0.006208,-0.006208,0,1,13.2329062,0.0001712,-0.0001712,0,1,6.245,1.145,-1.145,0,1,3001.0,161.615,-161.615,0,1,7.5049,1.62974,-1.62974,0,1,295.457,1155.0,11.4974,0.006,-0.006,0,1,445.311,7.918,-7.918,0,1,6461.3,121.6,-121.6,0,1,4.11,0.19,-0.19,0,1,1.67,0.35,-0.35,0,1,PC,0.02,0.025,0.0,0.125,0.03,0.8
5750,6021,1,KP,358.515134,37.021824,-5.189,0.05,-0.05,0.0,1.0,-1.129,0.035,-0.035,0.0,1.0,2459853.85413,0.00074,-0.00074,0,1,2.0319883,9.39e-05,-9.39e-05,0,1,3.4937463,0.0600702,-0.0600702,0,1,12273.0056923,168.68814,-168.68814,0,1,17.7163979,1.0699655,-1.0699655,0,1,2886.2922002,1869.4111277,12.489,0.008,-0.008,0,1,705.981,25.1855,-25.1855,0,1,6161.0,134.74,-134.74,0,1,4.1171,0.0921985,-0.0921985,0,1,1.56523,0.0914572,-0.0914572,0,1,PC,0.015,0.025,0.0,0.075,0.155,0.73
2408,3055,1,PC,189.473702,-49.115185,-19.22,0.062,-0.062,0.0,1.0,-3.235,0.055,-0.055,0.0,1.0,2458621.988687,0.002166,-0.002166,0,1,1.3071566,0.0001038,-0.0001038,0,1,1.108,0.264,-0.264,0,1,3100.0,2086.31,-2086.31,0,1,11.1657,4.85985,-4.85985,0,1,2913.52,2046.0,12.3858,0.006,-0.006,0,1,405.819,11.5735,-11.5735,0,1,5958.0,130.0,-130.0,0,1,4.51,0.08,-0.08,0,1,0.96,0.05,-0.05,0,1,PC,0.065,0.01,0.0,0.08,0.0,0.845
6529,6712,1,PC,154.949388,-28.96236,40.895,0.114,-0.114,0.0,1.0,0.637,0.111,-0.111,0.0,1.0,2458544.224717,0.001719,-0.001719,0,1,1.8987896,1.08e-05,-1.08e-05,0,1,1.926234,0.268447,-0.268447,0,1,98.2034719,13.722937,-13.722937,0,1,2.2042465,2.741955,-2.741955,0,1,5729.7476128,2218.9811995,7.71299,0.006,-0.006,0,1,114.978,0.777,-0.777,0,1,6016.28,114.525,-114.525,0,1,3.81004,0.0750363,-0.0750363,0,1,2.17401,0.0935806,-0.0935806,0,1,PC,0.09,0.075,0.025,0.14,0.165,0.505
6399,6602,1,PC,174.171991,-71.183844,-5.452,0.045,-0.045,0.0,1.0,-1.667,0.038,-0.038,0.0,1.0,2460094.284112,0.002558,-0.002558,0,1,1.5840089,5.9e-06,-5.9e-06,0,1,1.134,0.27,-0.27,0,1,1137.0,143.497,-143.497,0,1,5.90757,0.560367,-0.560367,0,1,296.761,1156.0,12.0139,0.006,-0.006,0,1,447.901,4.624,-4.624,0,1,5188.0,130.3,-130.3,0,1,3.91,0.08,-0.08,0,1,1.72,0.1,-0.1,0,1,PC,0.015,0.015,0.0,0.06,0.0,0.91
1849,2556,1,APC,128.702871,8.569483,-9.622,0.079,-0.079,0.0,1.0,-14.985,0.056,-0.056,0.0,1.0,2459966.962573,0.001212,-0.001212,0,1,8.0149323,3.63e-05,-3.63e-05,0,1,4.6198374,0.0740526,-0.0740526,0,1,4426.4689118,75.73721,-75.73721,0,1,9.5021286,0.5284063,-0.5284063,0,1,320.0737304,1078.778438,10.7003,0.006,-0.006,0,1,277.281,3.601,-3.601,0,1,5886.2,140.7,-140.7,0,1,4.25,0.03,-0.03,0,1,1.3302799,0.0712361,-0.0712361,0,1,APC,0.62,0.13,0.0,0.04,0.05,0.16
4375,4806,1,PC,103.789612,-31.106599,3.1,0.035,-0.035,0.0,1.0,13.368,0.04,-0.04,0.0,1.0,2459248.293164,0.003502,-0.003502,0,1,8.4476983,8.1e-05,-8.1e-05,0,1,3.79,0.522,-0.522,0,1,2000.0,2.87847,-2.87847,0,1,4.97976,0.321895,-0.321895,0,1,189.537,1033.0,11.7503,0.008,-0.008,0,1,349.88,2.867,-2.867,0,1,5902.0,129.4,-129.4,0,1,4.36,0.08,-0.08,0,1,1.13,0.06,-0.06,0,1,PC,0.005,0.01,0.0,0.04,0.015,0.93
1756,2475,1,FP,76.524234,10.594174,5.61,0.088,-0.088,0.0,1.0,-14.324,0.054,-0.054,0.0,1.0,2459197.39928,0.003525,-0.003525,0,1,15.7925628,0.0001402,-0.0001402,0,1,2.823,0.472,-0.472,0,1,1190.0,3.38409,-3.38409,0,1,4.82429,0.377854,-0.377854,0,1,24.617,620.0,10.7302,0.011,-0.011,0,1,235.608,2.5695,-2.5695,0,1,5600.0,138.8,-138.8,0,1,4.16,0.08,-0.08,0,1,1.37,0.07,-0.07,0,1,PC,0.055,0.07,0.015,0.17,0.045,0.645
7186,7291,1,PC,280.421214,60.84533,3.822,0.048,-0.048,0.0,1.0,16.777,0.039,-0.039,0.0,1.0,2460620.739957,0.002724,-0.002724,0,1,23.9712428,6.17e-05,-6.17e-05,0,1,1.645,0.288,-0.288,0,1,2387.0,177.962,-177.962,0,1,4.14138,0.308059,-0.308059,0,1,2.63928,355.0,12.2089,0.006,-0.006,0,1,282.083,1.534,-1.534,0,1,5238.0,122.1,-122.1,0,1,4.5,0.08,-0.08,0,1,0.88,0.05,-0.05,0,1,PC,0.06,0.025,0.0,0.05,0.07,0.795
5313,5630,1,PC,236.453853,40.374862,17.474,0.031,-0.031,0.0,1.0,-46.951,0.049,-0.049,0.0,1.0,2460419.070296,0.005978,-0.005978,0,1,3.2220038,2.4e-05,-2.4e-05,0,1,3.262,1.181,-1.181,0,1,536.0,44.4382,-44.4382,0,1,2.0774,0.150974,-0.150974,0,1,937.884,1541.0,10.3331,0.006,-0.006,0,1,134.047,0.357,-0.357,0,1,5382.4,108.4,-108.4,0,1,4.47,0.07,-0.07,0,1,0.93,0.05,-0.05,0,1,PC,0.005,0.02,0.0,0.045,0.01,0.92
3463,401,1,FP,74.466453,-53.817948,25.215,0.037,-0.037,0.0,1.0,-14.105,0.047,-0.047,0.0,1.0,2459139.77292,0.00474,-0.00474,0,1,2.48548,2e-05,-2e-05,0,1,2.621,0.265,-0.265,0,1,160.0,0.219406,-0.219406,0,1,1.28248,0.0791035,-0.0791035,0,1,1105.11,1606.0,8.235,0.006,-0.006,0,1,64.4827,0.0832,-0.0832,0,1,5928.0,85.6,-85.6,0,1,4.48,0.25,-0.25,0,1,0.96,0.05,-0.05,0,1,FP,0.005,0.035,0.015,0.835,0.0,0.11
63,1056,1,PC,339.258703,-76.917605,9.716,0.041,-0.041,0.0,1.0,-20.168,0.044,-0.044,0.0,1.0,2458326.062424,0.001997,-0.001997,0,1,5.3079507,1.91e-05,-1.91e-05,0,1,3.2158594,0.2920944,-0.2920944,0,1,391.3830934,26.766296,-26.766296,0,1,3.0486928,0.3630359,-0.3630359,0,1,603.2401116,1263.9861129,9.6663,0.006,-0.006,0,1,168.354,0.6765,-0.6765,0,1,6124.3,83.0,-83.0,0,1,4.38,0.16,-0.16,0,1,1.36963,0.0633668,-0.0633668,0,1,PC,0.04,0.15,0.01,0.145,0.06,0.595
1687,2414,1,KP,344.873588,-60.447819,20.181,0.043,-0.043,0.0,1.0,-2.193,0.045,-0.045,0.0,1.0,2459062.739359,0.000475,-0.000475,0,1,1.7771109,7.06e-05,-7.06e-05,0,1,1.5669528,0.0346407,-0.0346407,0,1,14073.5021163,252.49207,-252.49207,0,1,12.9084635,0.71793,-0.71793,0,1,1043.2121756,1449.482283,12.003,0.006,-0.006,0,1,327.506,3.965,-3.965,0,1,5627.0,133.891,-133.891,0,1,4.45645,0.0841219,-0.0841219,0,1,0.97906,0.0524221,-0.0524221,0,1,KP,0.02,0.01,0.0,0.03,0.725,0.215
1385,2157,1,FP,261.71771,25.84927,-45.633,0.042,-0.042,0.0,1.0,-11.332,0.042,-0.042,0.0,1.0,2459764.110052,0.000408,-0.000408,0,1,8.4249043,6.8e-06,-6.8e-06,0,1,2.311,0.143,-0.143,0,1,21600.0,925.102,-925.102,0,1,15.0361,0.817265,-0.817265,0,1,92.8193,864.0,10.7033,0.006,-0.006,0,1,178.43,0.9455,-0.9455,0,1,5756.0,125.4,-125.4,0,1,4.51,0.08,-0.08,0,1,0.93,0.05,-0.05,0,1,FP,0.1,0.03,0.0,0.685,0.025,0.16
7114,7227,1,PC,301.044722,23.66691,1.221,0.026,-0.026,0.0,1.0,-0.107,0.025,-0.025,0.0,1.0,2460529.786285,0.00161,-0.00161,0,1,2.3593338,4.3e-06,-4.3e-06,0,1,2.092,0.163,-0.163,0,1,10088.0,435.784,-435.784,0,1,10.8435,0.557645,-0.557645,0,1,949.236,1546.0,12.9248,0.014,-0.014,0,1,648.745,8.5485,-8.5485,0,1,6613.0,149.6,-149.6,0,1,4.49,0.09,-0.09,0,1,1.1,0.05,-0.05,0,1,PC,0.015,0.02,0.0,0.09,0.015,0.86
5954,6203,1,PC,5.599869,24.866985,-1.958,0.123,-0.123,0.0,1.0,-29.502,0.072,-0.072,0.0,1.0,2459855.605714,0.003193,-0.003193,0,1,25.1745344,0.0041613,-0.0041613,0,1,4.865,0.654,-0.654,0,1,2786.0,116.549,-116.549,0,1,6.78671,0.443967,-0.443967,0,1,30.5175,654.0,10.5505,0.006,-0.006,0,1,245.424,4.028,-4.028,0,1,5776.9,138.2,-138.2,0,1,4.16,0.08,-0.08,0,1,1.41,0.08,-0.08,0,1,PC,0.005,0.04,0.005,0.02,0.015,0.915
227,1199,1,CP,166.880658,61.352572,-4.019,0.038,-0.038,0.0,1.0,-33.35,0.045,-0.045,0.0,1.0,2460360.434669,0.003689,-0.003689,0,1,3.6714717,1.65e-05,-1.65e-05,0,1,2.149,0.22,-0.22,0,1,4340.0,0.770616,-0.770616,0,1,10.678,0.55726,-0.55726,0,1,324.114,1182.0,10.4221,0.006,-0.006,0,1,248.427,1.7795,-1.7795,0,1,5618.0,122.1,-122.1,0,1,4.06,0.08,-0.08,0,1,1.54,0.08,-0.08,0,1,PC,0.03,0.195,0.01,0.245,0.085,0.435
6647,6819,1,PC,1.99379,-68.226643,-11.842,0.041,-0.041,0.0,1.0,10.944,0.039,-0.039,0.0,1.0,2460168.772416,0.004379,-0.004379,0,1,8.5467163,5.73e-05,-5.73e-05,0,1,3.813,0.602,-0.602,0,1,2387.0,114.402,-114.402,0,1,6.73372,0.453108,-0.453108,0,1,144.761,966.0,11.4741,0.006,-0.006,0,1,396.001,4.1165,-4.1165,0,1,5557.6,128.0,-128.0,0,1,4.03,0.08,-0.08,0,1,1.58,0.09,-0.09,0,1,PC,0.0,0.01,0.0,0.03,0.01,0.95
846,1722,1,PC,114.345213,61.153925,-8.62,0.053,-0.053,0.0,1.0,-58.853,0.053,-0.053,0.0,1.0,2460323.319677,0.001498,-0.001498,0,1,9.6052235,1.69e-05,-1.69e-05,0,1,3.628,0.079,-0.079,0,1,1437.0,36.3604,-36.3604,0,1,3.86469,0.188322,-0.188322,0,1,136.86,952.0,9.52682,0.006,-0.006,0,1,136.419,0.8415,-0.8415,0,1,6137.0,125.2,-125.2,0,1,4.43,0.08,-0.08,0,1,1.09,0.05,-0.05,0,1,CP,0.04,0.42,0.0,0.065,0.09,0.385
6946,708,1,FP,82.764859,-70.357179,6.515,0.046,-0.046,0.0,1.0,23.14,0.053,-0.053,0.0,1.0,2458325.573663,0.004267,-0.004267,0,1,1.996071,0.000106,-0.000106,0,1,5.910879,0.409116,-0.409116,0,1,352.76672,36.18996,-36.18996,0,1,1.947951,0.430095,-0.430095,0,1,1372.564389,1552.397488,10.8623,0.006,-0.006,0,1,214.756,1.1995,-1.1995,0,1,6636.0,200.0,-200.0,0,1,4.60452,0.386891,-0.386891,0,1,0.975121,0.154384,-0.154384,0,1,FP,0.01,0.01,0.025,0.755,0.005,0.195
325,1270,1,FP,293.032494,74.891073,-12.978,0.045,-0.045,0.0,1.0,-13.983,0.041,-0.041,0.0,1.0,2459695.445887,0.00047,-0.00047,0,1,14.3034613,2.6e-06,-2.6e-06,0,1,3.135,0.01,-0.01,0,1,48840.0,0.239763,-0.239763,0,1,18.4949,1.14648,-1.14648,0,1,15.38,551.0,11.463,0.006,-0.006,0,1,171.138,0.664,-0.664,0,1,5056.6,91.3,-91.3,0,1,4.53,0.09,-0.09,0,1,0.83,0.05,-0.05,0,1,FP,0.04,0.04,0.0,0.775,0.05,0.095
6019,6261,1,PC,132.055241,-39.686292,-18.738,0.082,-0.082,0.0,1.0,8.575,0.074,-0.074,0.0,1.0,2460013.716939,0.001168,-0.001168,0,1,5.4920894,7.2e-06,-7.2e-06,0,1,2.934,0.184,-0.184,0,1,3962.0,106.841,-106.841,0,1,8.83359,0.453196,-0.453196,0,1,265.101,1124.0,10.4441,0.006,-0.006,0,1,267.542,3.3455,-3.3455,0,1,6090.0,130.5,-130.5,0,1,4.12,0.08,-0.08,0,1,1.53,0.07,-0.07,0,1,PC,0.03,0.055,0.0,0.035,0.04,0.84
3731,4245,1,PC,125.806237,-45.792458,-17.41,0.052,-0.052,0.0,1.0,28.214,0.051,-0.051,0.0,1.0,2459963.826493,0.001575,-0.001575,0,1,3.1527177,0.0001811,-0.0001811,0,1,1.8963737,0.1148368,-0.1148368,0,1,4102.6968156,229.38643,-229.38643,0,1,5.7168495,0.4240785,-0.4240785,0,1,316.3922274,1075.6629276,11.7519,0.006,-0.006,0,1,211.183,1.318,-1.318,0,1,5093.0,121.3,-121.3,0,1,4.52,0.45,-0.45,0,1,0.800841,0.0430553,-0.0430553,0,1,PC,0.04,0.045,0.0,0.04,0.02,0.855
3572,4103,1,PC,289.751203,82.875584,14.219,0.044,-0.044,0.0,1.0,74.947,0.054,-0.054,0.0,1.0,2459754.903759,0.000379,-0.000379,0,1,12.2740928,6.6e-06,-6.6e-06,0,1,3.532,0.04,-0.04,0,1,14450.0,0.40822,-0.40822,0,1,12.7514,0.642275,-0.642275,0,1,50.0141,740.0,11.2056,0.006,-0.006,0,1,243.002,1.43,-1.43,0,1,5674.0,129.2,-129.2,0,1,4.4,0.08,-0.08,0,1,1.05,0.05,-0.05,0,1,PC,0.01,0.115,0.0,0.045,0.045,0.785
245,1213,1,FP,163.198824,-67.387472,-100.262,0.049,-0.049,0.0,1.0,79.575,0.041,-0.041,0.0,1.0,2458576.189436,0.001484,-0.001484,0,1,27.2149622,4.26e-05,-4.26e-05,0,1,3.7190483,0.1058219,-0.1058219,0,1,4731.4046225,264.1891,-264.1891,0,1,8.3475973,0.6867732,-0.6867732,0,1,25.4860381,573.0537137,10.6392,0.006,-0.006,0,1,161.33,0.6765,-0.6765,0,1,6270.0,196.0,-196.0,0,1,4.54537,0.423983,-0.423983,0,1,0.989667,0.0531859,-0.0531859,0,1,FP,0.03,0.075,0.005,0.67,0.015,0.205
3744,4257,1,FP,138.741096,-45.122969,-10.617,0.045,-0.045,0.0,1.0,7.292,0.047,-0.047,0.0,1.0,2459990.712909,0.002074,-0.002074,0,1,4.6512523,1.63e-05,-1.63e-05,0,1,2.251,0.209,-0.209,0,1,3110.0,3.28362,-3.28362,0,1,6.22936,0.331398,-0.331398,0,1,432.038,1270.0,11.7159,0.006,-0.006,0,1,407.374,4.4685,-4.4685,0,1,7192.0,142.9,-142.9,0,1,4.56,0.08,-0.08,0,1,1.1,0.04,-0.04,0,1,FP,0.01,0.015,0.0,0.735,0.03,0.21
3788,4297,1,PC,14.351872,-21.550474,101.444,0.079,-0.079,0.0,1.0,23.048,0.055,-0.055,0.0,1.0,2458391.647306,0.005097,-0.005097,0,1,16.5272651,0.0001483,-0.0001483,0,1,3.5945709,0.5063287,-0.5063287,0,1,1074.4297512,112.22795,-112.22795,0,1,2.9241556,0.6940974,-0.6940974,0,1,27.0141494,581.4569608,10.8724,0.006,-0.006,0,1,132.887,0.838,-0.838,0,1,5030.0,129.203,-129.203,0,1,4.53132,0.0886395,-0.0886395,0,1,0.821739,0.0537287,-0.0537287,0,1,PC,0.0,0.035,0.025,0.025,0.015,0.9
728,1620,1,PC,358.213636,61.36026,12.29,0.04,-0.04,0.0,1.0,-14.458,0.032,-0.032,0.0,1.0,2460422.2511,0.00544,-0.00544,0,1,1.5982014,8.1e-06,-8.1e-06,0,1,2.254,0.906,-0.906,0,1,296.0,27.5458,-27.5458,0,1,2.28827,0.190752,-0.190752,0,1,5992.53,2451.0,9.53523,0.006,-0.006,0,1,207.505,1.044,-1.044,0,1,6594.0,142.3,-142.3,0,1,4.23,0.09,-0.09,0,1,1.49,0.07,-0.07,0,1,PC,0.0,0.01,0.005,0.105,0.025,0.855
441,1370,1,FP,345.748458,44.564848,12.325,0.044,-0.044,0.0,1.0,-9.1,0.045,-0.045,0.0,1.0,2459877.368408,0.000516,-0.000516,0,1,5.2651271,4.6e-06,-4.6e-06,0,1,2.463,0.261,-0.261,0,1,3450.0,166.451,-166.451,0,1,11.2446,0.411863,-0.411863,0,1,2619.14,1993.0,9.25068,0.006,-0.006,0,1,275.493,2.3225,-2.3225,0,1,8728.0,161.6,-161.6,0,1,4.32,0.07,-0.07,0,1,1.7,0.05,-0.05,0,1,FP,0.02,0.035,0.0,0.755,0.035,0.155
4778,5164,1,KP,125.420299,13.497512,6.963,0.065,-0.065,0.0,1.0,-4.878,0.04,-0.04,0.0,1.0,2460256.367181,0.015088,-0.015088,0,1,8.2669589,5.23e-05,-5.23e-05,0,1,3.328,0.529,-0.529,0,1,1316.0,58.6805,-58.6805,0,1,3.44807,0.224015,-0.224015,0,1,140.125,958.0,11.2089,0.006,-0.006,0,1,197.989,1.5425,-1.5425,0,1,5411.1,139.0,-139.0,0,1,4.49,0.09,-0.09,0,1,0.92,0.05,-0.05,0,1,KP,0.0,0.0,0.01,0.035,0.69,0.265
6082,6315,1,PC,6.18687,58.468546,2.871,0.043,-0.043,0.0,1.0,-1.463,0.037,-0.037,0.0,1.0,2459906.723061,0.002711,-0.002711,0,1,4.4532909,1.57e-05,-1.57e-05,0,1,6.572,0.53,-0.53,0,1,2866.0,78.4864,-78.4864,0,1,13.8211,0.821823,-0.821823,0,1,1510.03,1736.0,12.0193,0.011,-0.011,0,1,751.084,16.8385,-16.8385,0,1,5613.0,138.9,-138.9,0,1,3.49,0.08,-0.08,0,1,2.97,0.16,-0.16,0,1,PC,0.02,0.01,0.0,0.01,0.01,0.95
4618,5025,1,PC,261.365163,-46.988032,2.395,0.073,-0.073,0.0,1.0,-5.187,0.064,-0.064,0.0,1.0,2459384.454284,0.001378,-0.001378,0,1,2.8846592,7.7e-06,-7.7e-06,0,1,2.783,0.163,-0.163,0,1,12880.0,4.74726,-4.74726,0,1,16.5935,0.853853,-0.853853,0,1,2563.35,1982.0,12.3666,0.008,-0.008,0,1,803.602,28.987,-28.987,0,1,8219.0,145.9,-145.9,0,1,4.44,0.08,-0.08,0,1,1.42,0.07,-0.07,0,1,PC,0.0,0.0,0.0,0.01,0.0,0.99
7503,810,1,PC,62.854009,-69.474879,-18.955,0.038,-0.038,0.0,1.0,13.972,0.046,-0.046,0.0,1.0,2458332.251515,0.004,-0.004,0,1,28.3057042,0.000118,-0.000118,0,1,4.8265036,0.5572636,-0.5572636,0,1,357.0692138,24.80041,-24.80041,0,1,2.7465985,1.1776367,-1.1776367,0,1,55.5380247,696.2534449,10.5173,0.006,-0.006,0,1,232.47,1.119,-1.119,0,1,5704.59,42.9664,-42.9664,0,1,4.09162,0.115055,-0.115055,0,1,1.40065,0.0637915,-0.0637915,0,1,PC,0.01,0.02,0.005,0.07,0.005,0.89
2604,3233,1,APC,174.569775,-56.962612,-8.539,0.053,-0.053,0.0,1.0,2.038,0.059,-0.059,0.0,1.0,2459331.769405,0.00241,-0.00241,0,1,0.9787891,4.6e-06,-4.6e-06,0,1,1.754,0.242,-0.242,0,1,6770.0,12.2714,-12.2714,0,1,17.8038,1.35551,-1.35551,0,1,5251.58,2371.0,12.8299,0.007,-0.007,0,1,1251.25,64.14,-64.14,0,1,6959.0,135.0,-135.0,0,1,3.98,0.1,-0.1,0,1,2.09,0.13,-0.13,0,1,PC,0.075,0.01,0.0,0.2,0.03,0.685
577,1484,1,FP,343.156204,48.55001,-26.298,0.08,-0.08,0.0,1.0,-17.376,0.065,-0.065,0.0,1.0,2460422.616427,0.001611,-0.001611,0,1,1.1623941,2e-06,-2e-06,0,1,1.266,0.16,-0.16,0,1,1099.0,70.3527,-70.3527,0,1,8.21669,0.456468,-0.456468,0,1,1464.16,1723.0,10.2108,0.006,-0.006,0,1,368.134,5.24,-5.24,0,1,5843.7,198.1,-198.1,0,1,3.82,0.08,-0.08,0,1,2.23,0.1,-0.1,0,1,FP,0.06,0.01,0.005,0.815,0.01,0.1
